{"nome":"Abraão Salomón","postagem":"Gostei do atendimento","data":43612}
{"nome":"Abílio Serpa","postagem":"Produtos caros","data":43566}
{"nome":"Adérito Puentes","postagem":"Tem de tudo!","data":43591}
{"nome":"Afonso Silvera","postagem":"òtima qualidade","data":43586}
{"nome":"Albino Almeida","postagem":"recomendo, vou voltar sempre","data":43532}
{"nome":"Albino Bulhões","postagem":"Produtos caros","data":43612}
{"nome":"Aldo Quintão","postagem":"Não encontrei o que precisava","data":43630}
{"nome":"Alice Moita","postagem":"Produtos caros","data":43507}
{"nome":"Alice Morgado","postagem":"Demorou para me atender","data":43624}
{"nome":"Alvito Gracia","postagem":"Muita variedade","data":43606}
{"nome":"Amadeu Fortunato","postagem":"Gostei do atendimento","data":43608}
{"nome":"Amália Barreto","postagem":"Otima localização","data":43633}
{"nome":"Ana Marroquim","postagem":"Produtos caros","data":43524}
{"nome":"Anabela Azeredo","postagem":"Gostei do atendimento","data":43528}