{"nome":"Rodrigo Barreto","postagem":"Gostei do atendimento","data":43549}
{"nome":"Rogério Álvarez","postagem":"Gostei do atendimento","data":43633}
{"nome":"Romano Alvim","postagem":"Produtos caros","data":43559}
{"nome":"Romão Valadares","postagem":"Tem de tudo!","data":43542}
{"nome":"Ruca Ferrera","postagem":"òtima qualidade","data":43545}
{"nome":"Rudá Botica","postagem":"recomendo, vou voltar sempre","data":43601}
{"nome":"Sabina Avelar","postagem":"Produtos caros","data":43584}
{"nome":"Sabrina Quental","postagem":"Não encontrei o que precisava","data":43640}
{"nome":"Selma Murtinho","postagem":"Produtos caros","data":43590}
{"nome":"Sidónio Villela","postagem":"Demorou para me atender","data":43543}
{"nome":"Siquenique Covilhã","postagem":"Muita variedade","data":43575}
{"nome":"Sofia Coelho","postagem":"Gostei do atendimento","data":43582}
{"nome":"Suniário Nobre","postagem":"Otima localização","data":43587}
{"nome":"Sérgio Vilaverde","postagem":"Produtos caros","data":43628}
{"nome":"Tadeu Espírito Santo","postagem":"Gostei do atendimento","data":43621}
{"nome":"Taíssa Capiperibe","postagem":"recomendo, vou voltar sempre","data":43555}
{"nome":"Telo Furtado","postagem":"Produtos caros","data":43548}
{"nome":"Tibúrcio Valente","postagem":"Não encontrei o que precisava","data":43551}
{"nome":"Timóteo Mascarenhas","postagem":"Produtos caros","data":43531}
{"nome":"Tomásia Álvares","postagem":"Demorou para me atender","data":43598}
{"nome":"Ubajara Hurtado","postagem":"Muita variedade","data":43578}
{"nome":"Udo Lago","postagem":"Gostei do atendimento","data":43636}
{"nome":"Ulrico Batista","postagem":"Otima localização","data":43575}
{"nome":"Urbano Ruas","postagem":"Produtos caros","data":43598}
{"nome":"Uriel Vilar","postagem":"Gostei do atendimento","data":43633}
{"nome":"Vanderlei Negrão","postagem":"Gostei do atendimento","data":43610}
{"nome":"Vasco Linhares","postagem":"Produtos caros","data":43642}
{"nome":"Veridiana Clementino","postagem":"Tem de tudo!","data":43510}
{"nome":"Verônica   Areosa","postagem":"òtima qualidade","data":43566}