{"nome":"Violeta Monteiro","postagem":"recomendo, vou voltar sempre","data":43610}
{"nome":"Vânia Quintão","postagem":"Produtos caros","data":43599}
{"nome":"Xavier Bezerril","postagem":"Não encontrei o que precisava","data":43512}
{"nome":"Xisto Isla","postagem":"Produtos caros","data":43633}
{"nome":"Zenaide Castello Branco","postagem":"Demorou para me atender","data":43548}
{"nome":"Zenaide Madruga","postagem":"Muita variedade","data":43626}
{"nome":"Zoraide Macedo","postagem":"Gostei do atendimento","data":43504}
{"nome":"Zubaida Varejão","postagem":"Otima localização","data":43540}
{"nome":"Zuleica Teodoro","postagem":"Produtos caros","data":43612}
{"nome":"Zuleide Inácio","postagem":"Gostei do atendimento","data":43637}
{"nome":"Álvaro Homem","postagem":"recomendo, vou voltar sempre","data":43519}
{"nome":"Ângela Chagas","postagem":"Produtos caros","data":43537}
{"nome":"Ângela Felgueiras","postagem":"Não encontrei o que precisava","data":43584}
{"nome":"Ítalo Vergueiro","postagem":"Produtos caros","data":43510}