{"nome":"Josias Pajares","postagem":"Produtos caros","data":43501}
{"nome":"João Piratininga","postagem":"Não encontrei o que precisava","data":43535}
{"nome":"Judite Cordero","postagem":"Produtos caros","data":43586}
{"nome":"Justino Linares","postagem":"Demorou para me atender","data":43507}
{"nome":"Lara Fontes","postagem":"Muita variedade","data":43535}
{"nome":"Leonor Couto","postagem":"Gostei do atendimento","data":43535}
{"nome":"Leopoldina Velasques","postagem":"Otima localização","data":43610}
{"nome":"Liana Vilaça","postagem":"Produtos caros","data":43508}
{"nome":"Liedson Café","postagem":"Gostei do atendimento","data":43619}
{"nome":"Liliana Guerra","postagem":"Demorou para me atender","data":43584}
{"nome":"Lino Rebello","postagem":"Muita variedade","data":43584}
{"nome":"Luize Díaz","postagem":"Gostei do atendimento","data":43543}
{"nome":"Luize Travassos","postagem":"Otima localização","data":43554}
{"nome":"Luís Severo","postagem":"Produtos caros","data":43531}
{"nome":"Lígia Piratininga","postagem":"Gostei do atendimento","data":43598}
{"nome":"Lília Guimarães","postagem":"Gostei do atendimento","data":43513}
{"nome":"Lília Marcondes","postagem":"Produtos caros","data":43606}
{"nome":"Lúcia Abranches","postagem":"Tem de tudo!","data":43524}
{"nome":"Madalena Mata","postagem":"òtima qualidade","data":43590}
{"nome":"Magali Eiró","postagem":"recomendo, vou voltar sempre","data":43534}
{"nome":"Mamede Rosario","postagem":"Produtos caros","data":43567}
{"nome":"Mariano Coimbra","postagem":"Não encontrei o que precisava","data":43628}
{"nome":"Martim Feitosa","postagem":"Produtos caros","data":43554}
{"nome":"Mateus Vilar","postagem":"Demorou para me atender","data":43545}
{"nome":"Maximiliano Barros","postagem":"Muita variedade","data":43640}
{"nome":"Melinda Castanho","postagem":"Gostei do atendimento","data":43533}
{"nome":"Melissa Fogaça","postagem":"Otima localização","data":43642}
{"nome":"Micaela Ulloa","postagem":"Produtos caros","data":43589}
{"nome":"Miguelina Filgueiras","postagem":"Gostei do atendimento","data":43628}
{"nome":"Milena Mantas","postagem":"Produtos caros","data":43606}
{"nome":"Murilo Thamily","postagem":"Demorou para me atender","data":43512}
{"nome":"Márcio Campello","postagem":"Muita variedade","data":43635}
{"nome":"Mário Valiente","postagem":"Gostei do atendimento","data":43555}
{"nome":"Mónica Corrêa","postagem":"Otima localização","data":43558}
{"nome":"Nelson Correia","postagem":"Produtos caros","data":43534}
{"nome":"Neuza Zalazar","postagem":"Gostei do atendimento","data":43646}
{"nome":"Nilza Parreira","postagem":"Gostei do atendimento","data":43604}
{"nome":"Odilia Guarabira","postagem":"Produtos caros","data":43649}
{"nome":"Odilia Parente","postagem":"Tem de tudo!","data":43593}
{"nome":"Olavo Bocaiúva","postagem":"òtima qualidade","data":43597}
{"nome":"Olavo Cunha","postagem":"recomendo, vou voltar sempre","data":43568}
{"nome":"Olavo Jaguariúna","postagem":"Produtos caros","data":43527}
{"nome":"Ordonho Fontes","postagem":"Não encontrei o que precisava","data":43628}
{"nome":"Otávio Jesús","postagem":"Produtos caros","data":43601}
{"nome":"Otília Valverde","postagem":"Demorou para me atender","data":43516}
{"nome":"Palmira Palha","postagem":"Muita variedade","data":43573}
{"nome":"Pandora Lins","postagem":"Gostei do atendimento","data":43635}
{"nome":"Parcidio Neves","postagem":"Otima localização","data":43524}
{"nome":"Parcidio Peçanha","postagem":"Produtos caros","data":43590}
{"nome":"Patrício Gravato","postagem":"Gostei do atendimento","data":43510}
{"nome":"Plácido Tabajara","postagem":"recomendo, vou voltar sempre","data":43553}
{"nome":"Poliana Chávez","postagem":"Produtos caros","data":43620}
{"nome":"Políbio Conde","postagem":"Não encontrei o que precisava","data":43613}
{"nome":"Priscila Hurtado","postagem":"Produtos caros","data":43553}
{"nome":"Quévin Ilha","postagem":"Demorou para me atender","data":43556}
{"nome":"Rafael Madeira","postagem":"Muita variedade","data":43595}
{"nome":"Rafaela Terra","postagem":"Gostei do atendimento","data":43640}
{"nome":"Rebeca Canejo","postagem":"Otima localização","data":43560}
{"nome":"Rebeca Morgado","postagem":"Produtos caros","data":43551}